﻿<?xml version="1.0" encoding="utf-8" ?>
<EmailTemplateMap>
	<EmailTemplates>
		<EmailTemplate Name="GeneralTemplate" Client="Township Economy App" From="info@multiplextech.net">
			<Body>
				<![CDATA[
		<div style="text-align: center; width: 600px">
<div style="border: 3px solid #CECECE; width: 600px; height: 100%; min-height: 400px; margin: 10px 0px 0px 0px;font-family: Arial; color: #171717;font-size: 14px;text-align: left;">
    <div style="height: 160px; background-color: white; text-align: center; border-bottom: 3px solid #3F3F3F">
        <img src="http://www.multiplextech.net/Images/Clients/tea.png" width="170" height="140" />
    </div>
    <div style="padding: 8px 8px 8px 8px;margin: 0 0 0 5;">
        {0} <br /><br />
        Kind regards<br />
		{1} <br /> <br />
        <img src="http://www.multiplextech.net/Images/Clients/tea.png" width="90" height="70" style="margin: 0px 0px 0px auto;" />
        Tel: (+27) 071 392 2427
        Email: {2}
		Web: http://www.itea.co.za
    </div>
    <div style="font-size:8px; padding: 8px 8px 8px 8px;margin: 0 0 0 5;">This e-mail message may contain confidential or legally privileged information and is intended only for the use of the intended recipient(s). Any unauthorized disclosure, dissemination, distribution, copying or the taking of any action in reliance on the information herein is prohibited. E-mails are not secure and cannot be guaranteed to be error free as they can be intercepted, amended, or contain viruses. Anyone who communicates with us by e-mail is deemed to have accepted these risks. Company Name is not responsible for errors or omissions in this message and denies any responsibility for any damage arising from the use of e-mail. Any opinion and other statement contained in this message and any attachment are solely those of the author and do not necessarily represent those of the company</div>
</div>
<div>
				]]>
			</Body>
		</EmailTemplate>
		<EmailTemplate Name="ContactTemplate" Client="Township Economy App" From="info@multiplextech.net">
			<Body>
				<![CDATA[
		<div style="text-align: center; width: 600px">
<div style="border: 3px solid #CECECE; width: 600px; height: 100%; min-height: 400px; margin: 10px 0px 0px 0px;font-family: Arial; color: #171717;font-size: 14px;text-align: left;">
    <div style="height: 160px; background-color: white; text-align: center; border-bottom: 3px solid #3F3F3F">
        <img src="http://www.multiplextech.net/Images/Clients/tea.png" width="170" height="140" />
    </div>
    <div style="padding: 8px 8px 8px 8px;margin: 0 0 0 5;">
        {0} <br /><br />
        Kind regards <br />
		{1}
        Email: {2}
    </div>
    <div style="font-size:8px; padding: 8px 8px 8px 8px;margin: 0 0 0 5;">This e-mail message may contain confidential or legally privileged information and is intended only for the use of the intended recipient(s). Any unauthorized disclosure, dissemination, distribution, copying or the taking of any action in reliance on the information herein is prohibited. E-mails are not secure and cannot be guaranteed to be error free as they can be intercepted, amended, or contain viruses. Anyone who communicates with us by e-mail is deemed to have accepted these risks. Company Name is not responsible for errors or omissions in this message and denies any responsibility for any damage arising from the use of e-mail. Any opinion and other statement contained in this message and any attachment are solely those of the author and do not necessarily represent those of the company</div>
</div>
<div>
				]]>
			</Body>
		</EmailTemplate>
	</EmailTemplates>
</EmailTemplateMap>