﻿<senddata>
  <settings>
    <live>True</live>
    <return_credits>True</return_credits>
    <return_msgs_success_count>True</return_msgs_success_count>
    <return_msgs_failed_count>True</return_msgs_failed_count>
    <return_entries_success_status>True</return_entries_success_status>
    <return_entries_failed_status>True</return_entries_failed_status>
    <default_senderid />
    <default_date>{date}</default_date>
    <default_time>{time}</default_time>
    <default_curdate></default_curdate>
    <default_curtime></default_curtime>
    <default_data1></default_data1>
    <default_data2 />
    <default_flash>False</default_flash>
    <default_type>SMS</default_type>
    <default_costcentre>NA</default_costcentre>
    <default_validityperiod>1</default_validityperiod>
  </settings>
  <entries>
    <numto>{cellphone}</numto>
    <customerid>{userId}</customerid>
    <senderid></senderid>
    <time></time>
    <data1>{message}</data1>
    <data2 />
    <flash>False</flash>
    <type>SMS</type>
    <costcentre>NA</costcentre>
    <validityperiod>1</validityperiod>
  </entries>
</senddata>